{"cameraMode":{"drawMode":0,"name":"Shaded","section":"Shading Mode"},"sceneLighting":true,"audioPlay":false,"sceneViewState":{"m_AlwaysRefresh":false,"showFog":true,"showSkybox":true,"showFlares":true,"showImageEffects":true,"showParticleSystems":true,"showVisualEffectGraphs":true,"m_FxEnabled":true},"in2DMode":false,"pivot":{"x":0.7912622094154358,"y":-0.16757848858833314,"z":-4.568162441253662},"rotation":{"x":0.3041558861732483,"y":-0.15708936750888825,"z":0.05092698708176613,"w":0.9381998181343079},"size":4.840015888214111,"orthographic":true}