{"cameraMode":{"drawMode":0,"name":"Shaded","section":"Shading Mode"},"sceneLighting":true,"audioPlay":false,"sceneViewState":{"m_AlwaysRefresh":false,"showFog":true,"showSkybox":true,"showFlares":true,"showImageEffects":true,"showParticleSystems":true,"showVisualEffectGraphs":true,"m_FxEnabled":true},"in2DMode":false,"pivot":{"x":-1.9311771392822266,"y":1.386643886566162,"z":0.9015522003173828},"rotation":{"x":-0.15799039602279664,"y":0.08901842683553696,"z":-0.014313659630715847,"w":-0.9833190441131592},"size":6.500075817108154,"orthographic":false}