{"cameraMode":{"drawMode":0,"name":"Shaded","section":"Shading Mode"},"sceneLighting":true,"audioPlay":false,"sceneViewState":{"m_AlwaysRefresh":false,"showFog":true,"showSkybox":true,"showFlares":true,"showImageEffects":true,"showParticleSystems":true,"showVisualEffectGraphs":true,"m_FxEnabled":true},"in2DMode":false,"pivot":{"x":-0.10999993979930878,"y":2.584650993347168,"z":5.673663139343262},"rotation":{"x":-0.030260808765888215,"y":0.049426913261413577,"z":-0.0015289857983589173,"w":-0.9983442425727844},"size":5.071489334106445,"orthographic":true}